,Date,Open,High,Low,Close,Volume,Dividends,Stock Splits
0,2023-05-24 00:00:00-04:00,30.19039269854062,30.58713630992968,29.786655566782457,30.51818084716797,721419000,0.0,0.0
1,2023-05-25 00:00:00-04:00,38.497991938105514,39.454371441773645,36.61121702902255,37.955345153808594,1543911000,0.0,0.0
2,2023-05-26 00:00:00-04:00,37.865408555661546,39.14457660817056,37.52562906518615,38.92072296142578,714397000,0.0,0.0
3,2023-05-30 00:00:00-04:00,40.56865175565744,41.91077854478706,39.92307115381186,40.084964752197266,923401000,0.0,0.0
4,2023-05-31 00:00:00-04:00,39.462370269421555,40.26884571341783,37.79745117886432,37.809444427490234,1002580000,0.0,0.0
5,2023-06-01 00:00:00-04:00,38.46401952597585,40.02400727959351,38.31511796351833,39.74419021606445,635873000,0.0,0.0
6,2023-06-02 00:00:00-04:00,40.070976234421984,40.47371455603789,39.032649105745655,39.301475524902344,482731000,0.0,0.0
7,2023-06-05 00:00:00-04:00,38.88375307640513,39.539325641442396,38.68188448589062,39.14558410644531,396094000,0.0,0.0
8,2023-06-06 00:00:00-04:00,38.804802160748494,39.13458601689933,38.123241741889736,38.62891387939453,388729000,0.0,0.0
9,2023-06-07 00:00:00-04:00,38.89376845678286,39.47744945385498,37.33561714302101,37.454551696777344,511998000,0.004,0.0
10,2023-06-08 00:00:00-04:00,37.703420255024895,38.842797765126164,37.48454176498526,38.488990783691406,417772000,0.0,0.0
11,2023-06-09 00:00:00-04:00,39.01569674007006,39.68932873307715,38.545955805851406,38.748844146728516,427717000,0.0,0.0
12,2023-06-12 00:00:00-04:00,39.17861302696572,39.50843099459079,38.59692983734383,39.46045684814453,388701000,0.0,0.0
13,2023-06-13 00:00:00-04:00,40.164076100144555,41.0785778084364,39.71832028335553,40.99961853027344,613208000,0.0,0.0
14,2023-06-14 00:00:00-04:00,40.801719331101694,42.97653034590361,40.52986461821317,42.973533630371094,740465000,0.0,0.0
15,2023-06-15 00:00:00-04:00,42.57875935956908,43.265384836246646,42.12400575806211,42.629730224609375,568622000,0.0,0.0
16,2023-06-16 00:00:00-04:00,43.426294660759105,43.69714671301747,42.63772367115166,42.66870880126953,655709000,0.0,0.0
17,2023-06-20 00:00:00-04:00,42.974540163328015,43.96599947936296,42.65071563542564,43.784095764160156,451153000,0.0,0.0
18,2023-06-21 00:00:00-04:00,43.47725969177767,43.591199705233926,42.0570375518233,43.021507263183594,551603000,0.0,0.0
19,2023-06-22 00:00:00-04:00,42.22994393165169,43.402304245478625,42.2109571046696,43.00152587890625,417737000,0.0,0.0
20,2023-06-23 00:00:00-04:00,42.440832245341774,42.78564141996851,41.99207590923577,42.185970306396484,358140000,0.0,0.0
21,2023-06-26 00:00:00-04:00,42.43782951394114,42.74066558376808,40.078117742451454,40.60982894897461,594322000,0.0,0.0
22,2023-06-27 00:00:00-04:00,40.77673742484644,41.91711366832996,40.42593102539138,41.8531494140625,462175000,0.0,0.0
23,2023-06-28 00:00:00-04:00,40.637818733572594,41.822173657024464,40.495897906410136,41.09457015991211,582639000,0.0,0.0
24,2023-06-29 00:00:00-04:00,41.53532693406014,41.57730383820015,40.57784938235287,40.79972839355469,380514000,0.0,0.0
25,2023-06-30 00:00:00-04:00,41.657256974665316,42.52678117830855,41.47835379473084,42.27891540527344,501148000,0.0,0.0
26,2023-07-03 00:00:00-04:00,42.4938054204214,42.874598104799084,42.178978624337354,42.389862060546875,198209000,0.0,0.0
27,2023-07-05 00:00:00-04:00,42.112011067613764,43.15344240900505,42.062039108236945,42.293914794921875,323618000,0.0,0.0
28,2023-07-06 00:00:00-04:00,41.82117097723614,42.15598728056081,41.32344159639819,42.08002853393555,303582000,0.0,0.0
29,2023-07-07 00:00:00-04:00,42.298907804592,43.19042323587049,42.156986987539184,42.47980880737305,355881000,0.0,0.0
30,2023-07-10 00:00:00-04:00,42.633723309603205,42.787638599844065,41.6262701482501,42.156982421875,353908000,0.0,0.0
31,2023-07-11 00:00:00-04:00,42.45782138833829,42.734670684336905,42.04404961503228,42.38186264038086,298244000,0.0,0.0
32,2023-07-12 00:00:00-04:00,43.00952257917707,43.91103088418023,42.753661731653004,43.878047943115234,481277000,0.0,0.0
33,2023-07-13 00:00:00-04:00,44.49371584363228,46.12982004252078,44.46772905127002,45.95191955566406,478204000,0.0,0.0
34,2023-07-14 00:00:00-04:00,46.55758543157375,48.061765401261425,45.0354175393941,45.44419479370117,772075000,0.0,0.0
35,2023-07-17 00:00:00-04:00,46.26374664142169,46.47063062366615,45.23730653549651,46.43564987182617,510488000,0.0,0.0
36,2023-07-18 00:00:00-04:00,46.675519644053644,47.86986733415163,45.709048195215274,47.46808624267578,569164000,0.0,0.0
37,2023-07-19 00:00:00-04:00,47.43810520447181,47.791912159998795,46.71649899256564,47.05131530761719,427502000,0.0,0.0
38,2023-07-20 00:00:00-04:00,46.48162782743177,47.061313235391935,45.03741645990332,45.49516677856445,537865000,0.0,0.0
39,2023-07-21 00:00:00-04:00,45.763017562258014,45.84097793575254,44.07593876183976,44.28482437133789,963769000,0.0,0.0
40,2023-07-24 00:00:00-04:00,44.70659630501924,45.08439225529306,44.01597519686058,44.58766174316406,382516000,0.0,0.0
41,2023-07-25 00:00:00-04:00,44.916483110194,46.15780227032599,44.89849137503462,45.65407943725586,348081000,0.0,0.0
42,2023-07-26 00:00:00-04:00,45.995890105777626,46.02787414060496,44.60565021693435,45.42720031738281,364237000,0.0,0.0
43,2023-07-27 00:00:00-04:00,46.49361978738997,47.3691412842477,45.72503835474356,45.87495803833008,455976000,0.0,0.0
44,2023-07-28 00:00:00-04:00,46.64253893821814,47.00134424016971,46.35569676531063,46.72449493408203,331194000,0.0,0.0
45,2023-07-31 00:00:00-04:00,46.728486722217035,47.1042809800561,46.48062096434278,46.70349884033203,251055000,0.0,0.0
46,2023-08-01 00:00:00-04:00,46.434649363103794,46.87441172832599,46.00188696062389,46.481624603271484,237858000,0.0,0.0
47,2023-08-02 00:00:00-04:00,45.80599828780853,45.81499224934551,43.363331362198146,44.244850158691406,530142000,0.0,0.0
48,2023-08-03 00:00:00-04:00,43.776101176403955,45.093382845124545,43.776101176403955,44.4907112121582,324176000,0.0,0.0
49,2023-08-04 00:00:00-04:00,44.96045829684696,45.617097541524984,44.36878221779862,44.65562438964844,362666000,0.0,0.0
50,2023-08-07 00:00:00-04:00,45.086390535169315,45.51515735566512,44.538689151581146,45.3922233581543,322154000,0.0,0.0
51,2023-08-08 00:00:00-04:00,44.82852923844918,45.217316942470724,44.03196319010825,44.63963317871094,353843000,0.0,0.0
52,2023-08-09 00:00:00-04:00,44.24984363147646,44.287824912823,42.111011764378375,42.530784606933594,586449000,0.0,0.0
53,2023-08-10 00:00:00-04:00,42.13699574373503,43.550225675456986,41.81217231360565,42.364871978759766,492705000,0.0,0.0
54,2023-08-11 00:00:00-04:00,41.72822134358296,41.995077780865394,40.61682850581949,40.83271026611328,533085000,0.0,0.0
55,2023-08-14 00:00:00-04:00,40.4639102150388,43.77610121709491,40.28900646052013,43.7291259765625,690286000,0.0,0.0
56,2023-08-15 00:00:00-04:00,44.535691571886225,45.24330550401963,43.68615300358398,43.9160270690918,676512000,0.0,0.0
57,2023-08-16 00:00:00-04:00,44.49570885554983,44.65062306232533,43.38231446466475,43.46227264404297,527451000,0.0,0.0
58,2023-08-17 00:00:00-04:00,43.94600464449855,44.03795349007865,42.97753170604989,43.32034683227539,452395000,0.0,0.0
59,2023-08-18 00:00:00-04:00,42.611732431819654,43.55421863038225,41.63726601370566,43.27537155151367,583768000,0.0,0.0
60,2023-08-21 00:00:00-04:00,44.46972532960602,47.03932184051733,44.197874362477556,46.941375732421875,692573000,0.0,0.0
61,2023-08-22 00:00:00-04:00,48.108734662611624,48.16070824217046,45.30826536444509,45.64308166503906,755293000,0.0,0.0
62,2023-08-23 00:00:00-04:00,45.84097961779093,47.174251508019,45.18333763432702,47.09029769897461,779046000,0.0,0.0
63,2023-08-24 00:00:00-04:00,50.1885998204007,50.23857177595236,47.13326863032971,47.137264251708984,1156044000,0.0,0.0
64,2023-08-25 00:00:00-04:00,46.98635035429789,47.77891694569502,44.999432271074504,45.99289321899414,925341000,0.0,0.0
65,2023-08-28 00:00:00-04:00,46.45663639493685,46.9543657684175,44.863508175320256,46.809444427490234,685192000,0.0,0.0
66,2023-08-29 00:00:00-04:00,46.64053709400586,49.05422026588247,46.36568562252749,48.757381439208984,701397000,0.0,0.0
67,2023-08-30 00:00:00-04:00,49.01724039363048,49.89975805077244,48.398578637523045,49.23712158203125,735206000,0.0,0.0
68,2023-08-31 00:00:00-04:00,49.35306329598512,49.71686314070137,48.93129262084642,49.32807540893555,528570000,0.0,0.0
69,2023-09-01 00:00:00-04:00,49.73485494683887,49.772832417582066,48.11573594167944,48.48253631591797,463830000,0.0,0.0
70,2023-09-05 00:00:00-04:00,48.196691434350704,48.824350993462005,47.83389050664192,48.521514892578125,382653000,0.0,0.0
71,2023-09-06 00:00:00-04:00,48.41855768556727,48.52650554110728,46.55841988311631,47.0391960144043,468670000,0.004,0.0
72,2023-09-07 00:00:00-04:00,45.50391366248569,46.322534533431615,45.131085343555235,46.219581604003906,433330000,0.0,0.0
73,2023-09-08 00:00:00-04:00,45.920715564296074,46.584405572056994,45.25002501733814,45.55088424682617,473069000,0.0,0.0
74,2023-09-11 00:00:00-04:00,46.12662205679818,46.141614498404316,44.291473995947136,45.157073974609375,473966000,0.0,0.0
75,2023-09-12 00:00:00-04:00,44.7172700232729,45.65183817230261,44.510365202730895,44.84920883178711,349256000,0.0,0.0
76,2023-09-13 00:00:00-04:00,44.579332351620586,45.90871790505852,44.48237717610798,45.463924407958984,398355000,0.0,0.0
77,2023-09-14 00:00:00-04:00,45.92871548306057,45.965697093021376,45.110094621925995,45.55988693237305,370097000,0.0,0.0
78,2023-09-15 00:00:00-04:00,45.319995927008314,45.57787583202591,43.78770512533303,43.87966537475586,506831000,0.0,0.0
79,2023-09-18 00:00:00-04:00,42.728198651654026,44.221506057325286,41.98054405465205,43.94563293457031,500271000,0.0,0.0
80,2023-09-19 00:00:00-04:00,43.81269066855042,43.94562846497067,42.98207442166159,43.49983596801758,373064000,0.0,0.0
81,2023-09-20 00:00:00-04:00,43.579802461208814,43.88266351133672,42.203441401322486,42.21943283081055,367108000,0.0,0.0
82,2023-09-21 00:00:00-04:00,41.563733109931555,42.080491854886056,40.96101186346446,40.99799346923828,450736000,0.0,0.0
83,2023-09-22 00:00:00-04:00,41.552732912761606,42.09548435148274,41.21189133870758,41.59071731567383,479236000,0.0,0.0
84,2023-09-25 00:00:00-04:00,41.5717264252529,42.51628820929066,41.15791680778017,42.20243453979492,419091000,0.0,0.0
85,2023-09-26 00:00:00-04:00,41.98154094572675,42.800161757936735,41.6357005718536,41.89158248901367,402282000,0.0,0.0
86,2023-09-27 00:00:00-04:00,42.31039336126926,42.85214210831798,41.60971787103185,42.448326110839844,444935000,0.0,0.0
87,2023-09-28 00:00:00-04:00,42.4403244191023,43.42586759785592,42.095486874346165,43.069034576416016,424663000,0.0,0.0
88,2023-09-29 00:00:00-04:00,43.80669465697379,44.123549133326094,43.28693511492848,43.47884750366211,397830000,0.0,0.0
89,2023-10-02 00:00:00-04:00,44.009599054426594,45.154069017187716,43.840678635675474,44.761253356933594,433298000,0.0,0.0
90,2023-10-03 00:00:00-04:00,44.78723595609942,45.109089160595936,43.22595946616348,43.49683380126953,470850000,0.0,0.0
91,2023-10-04 00:00:00-04:00,43.72173808377064,44.12255330566711,43.27194577354406,44.020599365234375,361821000,0.0,0.0
92,2023-10-05 00:00:00-04:00,44.02959243795168,44.879200950918715,43.867668737435245,44.66729736328125,393483000,0.0,0.0
93,2023-10-06 00:00:00-04:00,44.17252564280475,45.767786867817584,44.005603198940975,45.74079895019531,434436000,0.0,0.0
94,2023-10-09 00:00:00-04:00,44.82122173529832,45.583868691074,44.34744233696588,45.25202178955078,409675000,0.0,0.0
95,2023-10-10 00:00:00-04:00,45.289010107776726,46.23756795276768,45.06711283415853,45.77678298950195,368582000,0.0,0.0
96,2023-10-11 00:00:00-04:00,46.17460275218862,46.83729768668541,46.028670465862824,46.78432083129883,378137000,0.0,0.0
97,2023-10-12 00:00:00-04:00,46.75532686388765,47.58694209872688,46.30853537914647,46.923248291015625,481325000,0.0,0.0
98,2023-10-13 00:00:00-04:00,46.93824369140591,47.09417346423808,45.25902168835329,45.439937591552734,474115000,0.0,0.0
99,2023-10-16 00:00:00-04:00,45.04212315084613,46.203583574312184,44.89119212930561,46.073646545410156,375099000,0.0,0.0
100,2023-10-17 00:00:00-04:00,43.97961605242817,44.73326836237256,42.46031976761086,43.91764450073242,812333000,0.0,0.0
101,2023-10-18 00:00:00-04:00,42.57127011789517,43.19898137436451,41.80562611222444,42.17645263671875,627294000,0.0,0.0
102,2023-10-19 00:00:00-04:00,42.79116734856338,43.27694225554759,41.86259688147746,42.08149719238281,501233000,0.0,0.0
103,2023-10-20 00:00:00-04:00,41.87058984444125,42.45032293422298,41.05896580650467,41.36782455444336,477266000,0.0,0.0
104,2023-10-23 00:00:00-04:00,41.209903709929456,43.22796955938642,40.92603485604566,42.95509338378906,478530000,0.0,0.0
105,2023-10-24 00:00:00-04:00,43.057038057985594,43.676749686328,42.671219154669366,43.642765045166016,401463000,0.0,0.0
106,2023-10-25 00:00:00-04:00,43.37788900782008,43.629774950649335,41.53574451341277,41.759639739990234,398379000,0.0,0.0
107,2023-10-26 00:00:00-04:00,41.833612702341114,42.23642589504536,39.86152709976489,40.30731964111328,541001000,0.0,0.0
108,2023-10-27 00:00:00-04:00,41.110944679613084,41.186909680749885,39.99645960471093,40.48123550415039,416784000,0.0,0.0
109,2023-10-30 00:00:00-04:00,41.0679702193919,41.746652746404344,40.462248113483334,41.14193344116211,388028000,0.0,0.0
110,2023-10-31 00:00:00-04:00,40.43126324594468,40.86006537582252,39.21182716227926,40.7611083984375,517969000,0.0,0.0
111,2023-11-01 00:00:00-04:00,40.86506257244454,42.361370852066266,40.85007013008419,42.305397033691406,437593000,0.0,0.0
112,2023-11-02 00:00:00-04:00,43.307924724858786,43.86366687925398,42.874127693562194,43.485843658447266,409172000,0.0,0.0
113,2023-11-03 00:00:00-04:00,43.99960568025811,45.28800612867796,43.70274239785865,44.98414993286133,424610000,0.0,0.0
114,2023-11-06 00:00:00-05:00,45.2640212668527,45.9137216751558,44.87819849776826,45.72980499267578,400733000,0.0,0.0
115,2023-11-07 00:00:00-05:00,45.69782127762116,46.19658683928955,45.137080351571434,45.933712005615234,343165000,0.0,0.0
116,2023-11-08 00:00:00-05:00,46.07863835763678,46.84528507821162,45.94669954943022,46.55242156982422,346719000,0.0,0.0
117,2023-11-09 00:00:00-05:00,47.445004273987976,48.207651210787375,46.728337455833405,46.928245544433594,540496000,0.0,0.0
118,2023-11-10 00:00:00-05:00,47.4779945591138,48.44954438031616,47.261096034839866,48.31260681152344,421245000,0.0,0.0
119,2023-11-13 00:00:00-05:00,48.29761289799248,49.0932455425318,48.07671461686158,48.59747314453125,384136000,0.0,0.0
120,2023-11-14 00:00:00-05:00,49.65698656195247,49.810914551979124,49.01728364536213,49.63299560546875,416954000,0.0,0.0
121,2023-11-15 00:00:00-05:00,49.91186848194019,49.93685461268084,48.17767162806223,48.865352630615234,475497000,0.0,0.0
122,2023-11-16 00:00:00-05:00,48.65644941593309,49.502058162016766,48.307612072684094,49.45707702636719,339756000,0.0,0.0
123,2023-11-17 00:00:00-05:00,49.501058800683616,49.69397019639206,48.98429998268991,49.27516555786133,325205000,0.0,0.0
124,2023-11-20 00:00:00-05:00,49.28915491828104,50.52458236287964,49.15821508964933,50.38564682006836,414120000,0.0,0.0
125,2023-11-21 00:00:00-05:00,50.10277517356445,50.4935928571012,49.19919468409959,49.920860290527344,565747000,0.0,0.0
126,2023-11-22 00:00:00-05:00,49.82890718697637,50.311681331872194,47.667906173948076,48.69343185424805,899420000,0.0,0.0
127,2023-11-24 00:00:00-05:00,48.447546842242424,48.898338123964756,47.72288042046281,47.753868103027344,294645000,0.0,0.0
128,2023-11-27 00:00:00-05:00,47.77785748284775,48.50751887716154,47.62992722854215,48.21965408325195,395662000,0.0,0.0
129,2023-11-28 00:00:00-05:00,48.21365202685113,48.30061351892133,47.45100504136806,47.79884338378906,401491000,0.0,0.0
130,2023-11-29 00:00:00-05:00,48.35658634646633,48.739408312871504,47.83782580627924,48.11769485473633,382005000,0.0,0.0
131,2023-11-30 00:00:00-05:00,48.00174591431098,48.08770841421174,46.40049083853704,46.748329162597656,526247000,0.0,0.0
132,2023-12-01 00:00:00-05:00,46.50344903798777,47.178135584830024,46.165604364255195,46.74333572387695,369317000,0.0,0.0
133,2023-12-04 00:00:00-05:00,46.05565701486267,46.05565701486267,44.989149902090766,45.48891830444336,437543000,0.0,0.0
134,2023-12-05 00:00:00-05:00,45.448933555568175,46.58250677034524,45.25400705552958,46.54852294921875,371718000,0.004,0.0
135,2023-12-06 00:00:00-05:00,47.19727919635047,47.36921552517796,45.39495450352079,45.48591995239258,380590000,0.0,0.0
136,2023-12-07 00:00:00-05:00,45.68284295931475,46.61149502575525,45.58687833083044,46.57850646972656,350823000,0.0,0.0
137,2023-12-08 00:00:00-05:00,46.57750949930058,47.72307920041658,46.53252440936205,47.48816680908203,359224000,0.0,0.0
138,2023-12-11 00:00:00-05:00,47.47317498768805,47.51315707527434,45.81279915946564,46.6094970703125,509728000,0.0,0.0
139,2023-12-12 00:00:00-05:00,46.028715290198626,47.64810605776617,46.028715290198626,47.63911056518555,372387000,0.0,0.0
140,2023-12-13 00:00:00-05:00,47.611122768046286,48.57576068141439,47.59013074248943,48.069950103759766,447792000,0.0,0.0
141,2023-12-14 00:00:00-05:00,48.37183404392987,48.65172771318974,47.40419892072773,48.33184814453125,391232000,0.0,0.0
142,2023-12-15 00:00:00-05:00,48.175909002325604,49.38545387287282,48.10193546895566,48.871646881103516,479948000,0.0,0.0
143,2023-12-18 00:00:00-05:00,49.38145307868085,50.41406234581485,49.13154694733786,50.058197021484375,412587000,0.0,0.0
144,2023-12-19 00:00:00-05:00,49.40544401373602,49.68134136834579,48.87664329291069,49.58537673950195,464444000,0.0,0.0
145,2023-12-20 00:00:00-05:00,49.63635651535798,49.98022913479953,48.07994186204982,48.09293746948242,397894000,0.0,0.0
146,2023-12-21 00:00:00-05:00,48.79267736467951,49.076571148767,48.40082241502789,48.97161102294922,300425000,0.0,0.0
147,2023-12-22 00:00:00-05:00,49.17653306295307,49.36446221767303,48.44880569619553,48.81167221069336,252507000,0.0,0.0
148,2023-12-26 00:00:00-05:00,48.949613984887115,49.581376676631486,48.94161756801922,49.260498046875,244200000,0.0,0.0
149,2023-12-27 00:00:00-05:00,49.49241542635842,49.661350703421,49.066572842938115,49.3984489440918,233648000,0.0,0.0
150,2023-12-28 00:00:00-05:00,49.62436711615611,49.86527396770583,49.39345101981501,49.50341033935547,246587000,0.0,0.0
151,2023-12-29 00:00:00-05:00,49.79430147307111,49.978234327074226,48.732699840316755,49.50341033935547,389293000,0.0,0.0
152,2024-01-02 00:00:00-05:00,49.22551389912714,49.27649344260116,47.57713465197093,48.14991760253906,411254000,0.0,0.0
153,2024-01-03 00:00:00-05:00,47.46717554449256,48.16591065021649,47.302236567517355,47.551143646240234,320896000,0.0,0.0
154,2024-01-04 00:00:00-05:00,47.74906818641796,48.48179475152094,47.49016653492504,47.979984283447266,306535000,0.0,0.0
155,2024-01-05 00:00:00-05:00,48.4438038170967,49.52839547317931,48.28786035280196,49.07856369018555,415039000,0.0,0.0
156,2024-01-08 00:00:00-05:00,49.493414803058315,52.2553780928012,49.46042624518818,52.23338317871094,642510000,0.0,0.0
157,2024-01-09 00:00:00-05:00,52.38133132087113,54.304608899415356,51.670595858503674,53.120052337646484,773100000,0.0,0.0
158,2024-01-10 00:00:00-05:00,53.59587564392309,54.57950363229104,53.468920600031716,54.32959747314453,533796000,0.0,0.0
159,2024-01-11 00:00:00-05:00,54.978353810668786,55.32522366817502,53.539894837912634,54.80141830444336,596759000,0.0,0.0
160,2024-01-12 00:00:00-05:00,54.59949057976511,54.94936145206347,54.30960236510811,54.689456939697266,352994000,0.0,0.0
161,2024-01-16 00:00:00-05:00,54.99734961591672,56.813665103138256,54.879393878712925,56.360836029052734,449580000,0.0,0.0
162,2024-01-17 00:00:00-05:00,56.325847887071866,56.44980188752581,54.71945269845349,56.031959533691406,474394000,0.0,0.0
163,2024-01-18 00:00:00-05:00,57.23850610997206,57.57837864545508,56.08593900392558,57.08556365966797,491650000,0.0,0.0
164,2024-01-19 00:00:00-05:00,57.96722726620944,59.47766156901135,57.20351416018429,59.468666076660156,543501000,0.0,0.0
165,2024-01-22 00:00:00-05:00,60.0264592424289,60.3083548831195,59.04782663734,59.63160705566406,452955000,0.0,0.0
166,2024-01-23 00:00:00-05:00,59.54764104000483,59.88751357892662,58.56301013401379,59.850528717041016,294654000,0.0,0.0
167,2024-01-24 00:00:00-05:00,60.28136484798457,62.82540771389363,59.91550110281905,61.338966369628906,560271000,0.0,0.0
168,2024-01-25 00:00:00-05:00,62.326598687155865,62.695463497108435,60.827161633127105,61.593875885009766,482777000,0.0,0.0
169,2024-01-26 00:00:00-05:00,60.93711847607482,61.759811433716834,60.550266507965134,61.00809097290039,390309000,0.0,0.0
170,2024-01-29 00:00:00-05:00,61.209012360122756,62.46554046020734,60.884137413565526,62.441551208496094,348733000,0.0,0.0
171,2024-01-30 00:00:00-05:00,62.876390843205506,63.46916675485246,62.23662787593773,62.75043487548828,410735000,0.0,0.0
172,2024-01-31 00:00:00-05:00,61.41694091491678,62.245632180405245,60.677220763677376,61.503910064697266,453795000,0.0,0.0
173,2024-02-01 00:00:00-05:00,62.07668769492248,63.167281577618986,61.626859664228725,63.00334167480469,369146000,0.0,0.0
174,2024-02-02 00:00:00-05:00,63.94997850101078,66.57499195926525,63.66608473882134,66.13516235351562,476578000,0.0,0.0
175,2024-02-05 00:00:00-05:00,68.19939012424172,69.47091584987561,67.17977633836104,69.30597686767578,680078000,0.0,0.0
176,2024-02-06 00:00:00-05:00,69.60386495591794,69.72781896754408,66.27512050871108,68.19739532470703,683111000,0.0,0.0
177,2024-02-07 00:00:00-05:00,68.29335463883889,70.19364201712641,67.57462276790365,70.07268524169922,495575000,0.0,0.0
178,2024-02-08 00:00:00-05:00,70.04768899799114,70.76741990227906,69.42892572649546,69.61485290527344,414422000,0.0,0.0
179,2024-02-09 00:00:00-05:00,70.50652846806685,72.15790895507466,70.18564978274989,72.1059341430664,436637000,0.0,0.0
180,2024-02-12 00:00:00-05:00,72.57274383383451,74.5829904741092,71.22325216031359,72.22087860107422,613710000,0.0,0.0
181,2024-02-13 00:00:00-05:00,70.37358838482487,73.42243948960919,69.59388225066057,72.10093688964844,602580000,0.0,0.0
182,2024-02-14 00:00:00-05:00,73.17453257134588,74.20814111994534,71.91100698040367,73.87226867675781,504917000,0.0,0.0
183,2024-02-15 00:00:00-05:00,73.84127361084667,73.9472289995395,72.37282328939969,72.63072204589844,420122000,0.0,0.0
184,2024-02-16 00:00:00-05:00,74.07218040927339,74.37406898709354,72.47378167003887,72.58573913574219,495327000,0.0,0.0
185,2024-02-20 00:00:00-05:00,71.91999242878622,71.92899173506727,67.70857639129635,69.42593383789062,704833000,0.0,0.0
186,2024-02-21 00:00:00-05:00,67.9804743369606,68.86214710879592,66.22313849991595,67.4466781616211,690298000,0.0,0.0
187,2024-02-22 00:00:00-05:00,74.99684018330679,78.5455030813757,74.1921420425949,78.5085220336914,865100000,0.0,0.0
188,2024-02-23 00:00:00-05:00,80.75968130766822,82.36307562218218,77.54088851837011,78.78742218017578,829388000,0.0,0.0
189,2024-02-26 00:00:00-05:00,79.67008277283831,80.61573447856021,78.47553160288044,79.06231689453125,503973000,0.0,0.0
190,2024-02-27 00:00:00-05:00,79.35119274989219,79.45016223022866,77.13303174065258,78.67144775390625,391705000,0.0,0.0
191,2024-02-28 00:00:00-05:00,77.59086697046706,78.90337002935253,77.09605003023249,77.63385009765625,393110000,0.0,0.0
192,2024-02-29 00:00:00-05:00,79.0643149217093,79.95997471561954,78.32059087723945,79.08230590820312,507289000,0.0,0.0
193,2024-03-01 00:00:00-05:00,79.96996422541928,82.26910374751212,79.40517391258761,82.24810791015625,479135000,0.0,0.0
194,2024-03-04 00:00:00-05:00,84.0984226679579,87.66208713862926,83.68758143408327,85.20500946044922,615616000,0.0,0.0
195,2024-03-05 00:00:00-05:00,85.24198821051228,86.06872004565462,83.38960003379123,85.93576049804688,520639000,0.004,0.0
196,2024-03-06 00:00:00-05:00,87.99308922719804,89.69452599594824,87.00141069166892,88.67086029052734,582520000,0.0,0.0
197,2024-03-07 00:00:00-05:00,90.12838069813151,92.7365248144859,89.57256358530061,92.63855743408203,608119000,0.0,0.0
198,2024-03-08 00:00:00-05:00,95.10675351305797,97.36801162259309,86.47758481062256,87.49925231933594,1142269000,0.0,0.0
199,2024-03-11 00:00:00-04:00,86.4006103441235,88.76782871199401,84.13835321441624,85.7458267211914,678364000,0.0,0.0
200,2024-03-12 00:00:00-04:00,88.02008324614344,91.92979413377263,86.12170491240781,91.8828125,668075000,0.0,0.0
201,2024-03-13 00:00:00-04:00,91.02508398682748,91.47393396528192,88.40594204784502,90.85813903808594,635713000,0.0,0.0
202,2024-03-14 00:00:00-04:00,89.54757446626068,90.61622350841212,86.57154750613068,87.91510772705078,602318000,0.0,0.0
203,2024-03-15 00:00:00-04:00,86.90144388293218,89.51658184476094,86.22866844065179,87.80814361572266,642086000,0.0,0.0
204,2024-03-18 00:00:00-04:00,90.35830507117406,92.37464071222252,87.05638881145386,88.42594146728516,668976000,0.0,0.0
205,2024-03-19 00:00:00-04:00,86.67151765212044,90.51425674084177,84.98207797118587,89.36863708496094,672171000,0.0,0.0
206,2024-03-20 00:00:00-04:00,89.76749997737916,90.38030520484318,88.19401951660328,90.34231567382812,479063000,0.0,0.0
207,2024-03-21 00:00:00-04:00,92.26968196617385,92.61756721905257,90.37530021359187,91.40496063232422,480372000,0.0,0.0
208,2024-03-22 00:00:00-04:00,91.11105028962562,94.74685622390666,90.80415196173684,94.25801849365234,586719000,0.0,0.0
209,2024-03-25 00:00:00-04:00,93.91013861786189,96.7342074446901,93.47928046219188,94.97078704833984,552136000,0.0,0.0
210,2024-03-26 00:00:00-04:00,95.8195062336972,96.34333614885402,92.47160751849903,92.53058624267578,513648000,0.0,0.0
211,2024-03-27 00:00:00-04:00,93.08141149546424,93.20936779906054,89.09372349939157,90.22035217285156,586067000,0.0,0.0
212,2024-03-28 00:00:00-04:00,89.97043858800308,91.27001464058522,89.16370444852706,90.32632446289062,435212000,0.0,0.0
213,2024-04-01 00:00:00-04:00,90.26933865065378,92.1947007975338,89.17469715880289,90.33331298828125,452441000,0.0,0.0
214,2024-04-02 00:00:00-04:00,88.41893947358703,90.06440242112468,87.59121620163441,89.42261505126953,433064000,0.0,0.0
215,2024-04-03 00:00:00-04:00,88.45493823513225,90.3443168469122,88.3709661913593,88.93477630615234,370067000,0.0,0.0
216,2024-04-04 00:00:00-04:00,90.37629845117095,90.60422800372173,85.85178433643762,85.87677764892578,434965000,0.0,0.0
217,2024-04-05 00:00:00-04:00,86.8374646504957,88.45193966671309,85.89777859630549,87.97909545898438,399678000,0.0,0.0
218,2024-04-08 00:00:00-04:00,88.67085666122206,88.80081883400379,86.70350850941023,87.10437774658203,283220000,0.0,0.0
219,2024-04-09 00:00:00-04:00,87.41326961083752,87.60620698800746,82.99472376686872,85.3259506225586,503547000,0.0,0.0
220,2024-04-10 00:00:00-04:00,83.89843024698811,87.3712879556285,83.68149867040677,87.01040649414062,431929000,0.0,0.0
221,2024-04-11 00:00:00-04:00,87.39128560717941,90.70919574606373,86.89745219051976,90.58623504638672,431637000,0.0,0.0
222,2024-04-12 00:00:00-04:00,89.66953943111257,90.1453886602286,87.50125303417155,88.15703582763672,426805000,0.0,0.0
223,2024-04-15 00:00:00-04:00,89.06872264461606,90.58322421693445,85.90076523534208,85.97274017333984,443077000,0.0,0.0
224,2024-04-16 00:00:00-04:00,86.40460421758179,88.08904823109181,86.03572977127556,87.38628387451172,370453000,0.0,0.0
225,2024-04-17 00:00:00-04:00,88.31097911873327,88.74584141967834,83.92242172115718,84.00740051269531,495400000,0.0,0.0
226,2024-04-18 00:00:00-04:00,84.94208621726145,86.16168663370678,82.37492908333081,84.64318084716797,447260000,0.0,0.0
227,2024-04-19 00:00:00-04:00,83.12268637450086,84.29629668319684,75.58116589392048,76.17496490478516,875198000,0.0,0.0
228,2024-04-22 00:00:00-04:00,78.07834524781059,80.04670035538005,76.3749101252901,79.49188232421875,596341000,0.0,0.0
229,2024-04-23 00:00:00-04:00,80.74246382535908,82.7418068067518,80.23763246823718,82.39591979980469,438559000,0.0,0.0
230,2024-04-24 00:00:00-04:00,83.92241667959377,84.05437709629325,79.1569845005292,79.65082550048828,512208000,0.0,0.0
231,2024-04-25 00:00:00-04:00,78.84209462361733,83.29563335625151,78.19730980842563,82.60486602783203,424641000,0.0,0.0
232,2024-04-26 00:00:00-04:00,83.79047109382074,88.30198930446801,83.3596128981717,87.70618438720703,551011000,0.0,0.0
233,2024-04-29 00:00:00-04:00,87.56621534740458,87.96308042933138,85.23797833453733,87.72816467285156,388971000,0.0,0.0
234,2024-04-30 00:00:00-04:00,87.21134895392602,88.7898328026838,86.27166282860942,86.37362670898438,363709000,0.0,0.0
235,2024-05-01 00:00:00-04:00,85.04905184528752,85.9717451202874,81.22830132116862,83.01371765136719,559863000,0.0,0.0
236,2024-05-02 00:00:00-04:00,84.42125626969049,86.20867093085921,83.17266601309362,85.78881072998047,377898000,0.0,0.0
237,2024-05-03 00:00:00-04:00,87.76016278941914,89.25166943381491,87.01140828668458,88.75983428955078,398341000,0.0,0.0
238,2024-05-06 00:00:00-04:00,89.36062948973989,92.18970149787158,89.02574047227303,92.10972595214844,376203000,0.0,0.0
239,2024-05-07 00:00:00-04:00,91.06806618454974,91.75084041902228,88.98175395384375,90.52424621582031,437342000,0.0,0.0
240,2024-05-08 00:00:00-04:00,89.45360566200054,91.16404211729393,89.39062281924463,90.3823013305664,325721000,0.0,0.0
241,2024-05-09 00:00:00-04:00,90.4992620554592,91.04208295679378,88.20202038816478,88.71784973144531,378013000,0.0,0.0
242,2024-05-10 00:00:00-04:00,90.27534193987526,91.37098265790202,89.19769305265027,89.84848022460938,335325000,0.0,0.0
243,2024-05-13 00:00:00-04:00,90.44827727503778,90.96811074029578,88.49991996993283,90.36930847167969,289680000,0.0,0.0
244,2024-05-14 00:00:00-04:00,89.56956971282393,91.62089767401247,88.90478722070216,91.32599639892578,296507000,0.0,0.0
245,2024-05-15 00:00:00-04:00,92.44161932872312,94.83083350687552,91.5689050462718,94.59890747070312,417735000,0.0,0.0
246,2024-05-16 00:00:00-04:00,94.87882442022669,95.78752238437566,94.07208269713682,94.3280029296875,323952000,0.0,0.0
247,2024-05-17 00:00:00-04:00,94.33800216120143,94.70887485375151,91.77584059273352,92.44861602783203,359691000,0.0,0.0
248,2024-05-20 00:00:00-04:00,93.71921034558147,95.16873108150425,93.40931459730984,94.74887084960938,318764000,0.0,0.0
249,2024-05-21 00:00:00-04:00,93.56825212335475,95.36866300361463,93.14939104451075,95.35466766357422,328946000,0.0,0.0
250,2024-05-22 00:00:00-04:00,95.42763580257598,95.9884484917203,93.21836283128839,94.9188003540039,548648000,0.0,0.0
251,2024-05-23 00:00:00-04:00,101.99449335003398,106.28508365177811,101.48665694608555,103.7649154663086,835065000,0.0,0.0
252,2024-05-24 00:00:00-04:00,104.41468788795488,106.44002335978084,102.96616635990915,106.43402862548828,429494000,0.0,0.0
253,2024-05-28 00:00:00-04:00,110.20778262251307,114.90123977492766,109.84690116806794,113.86357879638672,652728000,0.0,0.0
254,2024-05-29 00:00:00-04:00,113.01286640628571,115.45405793078952,110.86457027293942,114.78727722167969,557442000,0.0,0.0
255,2024-05-30 00:00:00-04:00,114.612337538274,115.78095222554882,109.62697631949285,110.46369934082031,487350000,0.0,0.0
256,2024-05-31 00:00:00-04:00,112.4830297906596,112.67997129263833,106.904868817121,109.59698486328125,613263000,0.0,0.0
257,2024-06-03 00:00:00-04:00,113.58367447543728,114.96221923828125,111.96620219037665,114.96221923828125,438392000,0.0,0.0
258,2024-06-04 00:00:00-04:00,115.67798650620128,116.56169113785693,114.00753024311962,116.39874267578125,403324000,0.0,0.0
259,2024-06-05 00:00:00-04:00,118.33211671671947,122.40877237466783,117.42941347887506,122.3997802734375,528402000,0.0,0.0
260,2024-06-06 00:00:00-04:00,124.00725324087743,125.54574922421772,118.2811377621336,120.95825958251953,664696000,0.0,0.0
261,2024-06-07 00:00:00-04:00,119.7306529022316,121.65202623467715,117.98323363858707,120.8482894897461,412386000,0.0,0.0
262,2024-06-10 00:00:00-04:00,120.33046067723372,123.05955958930451,116.9715638416941,121.74999237060547,314162700,0.0,10.0
263,2024-06-11 00:00:00-04:00,121.7399996348229,122.83973476114328,118.71074727008515,120.88021850585938,222551200,0.01,0.0
264,2024-06-12 00:00:00-04:00,123.02967915018486,126.84873770805827,122.53980200765415,125.16915130615234,299595000,0.0,0.0
265,2024-06-13 00:00:00-04:00,129.35813218658845,129.7680348697194,127.12868568021801,129.5780792236328,260704500,0.0,0.0
266,2024-06-14 00:00:00-04:00,129.92797866788297,132.8072585317083,128.28838344854194,131.84750366210938,309320400,0.0,0.0
267,2024-06-17 00:00:00-04:00,132.9572533982128,133.69706139159663,129.54808953427707,130.94773864746094,288504400,0.0,0.0
268,2024-06-18 00:00:00-04:00,131.10769173939232,136.29641557179684,130.6578056523983,135.54660034179688,294335100,0.0,0.0
269,2024-06-20 00:00:00-04:00,139.765553796689,140.72530869246972,129.4880881954488,130.74777221679688,517768400,0.0,0.0
270,2024-06-21 00:00:00-04:00,127.08867825178737,130.5978154647857,124.26937345205326,126.53881072998047,655484700,0.0,0.0
271,2024-06-24 00:00:00-04:00,123.2096275256971,124.42932809847615,118.0109120255889,118.08089447021484,476060900,0.0,0.0
272,2024-06-25 00:00:00-04:00,121.17013488438512,126.46883208603107,119.29060083723321,126.05892944335938,425787500,0.0,0.0
273,2024-06-26 00:00:00-04:00,126.09891297711187,128.0884204131894,122.56978415309767,126.36885070800781,362975900,0.0,0.0
274,2024-06-27 00:00:00-04:00,124.06941564080125,126.37885155800387,122.88970613137967,123.95944213867188,252571700,0.0,0.0
275,2024-06-28 00:00:00-04:00,124.54930428199576,127.67853027804634,122.71975337861936,123.50955963134766,315516700,0.0,0.0
276,2024-07-01 00:00:00-04:00,123.4395813225982,124.80923890749885,118.8007251119183,124.26937866210938,284885500,0.0,0.0
277,2024-07-02 00:00:00-04:00,121.10014907077634,123.37959365292392,121.00017523772506,122.6397705078125,218374000,0.0,0.0
278,2024-07-03 00:00:00-04:00,121.63003350315482,128.24839782714844,121.33010435521813,128.24839782714844,215749000,0.0,0.0
279,2024-07-05 00:00:00-04:00,127.34861718195397,128.81826389526591,125.64903902808197,125.79900360107422,214176700,0.0,0.0
280,2024-07-08 00:00:00-04:00,127.4585719244731,130.73776982046533,127.0086858992603,128.16839599609375,237677300,0.0,0.0
281,2024-07-09 00:00:00-04:00,130.3178959397844,133.78704236722226,128.61830251041144,131.34764099121094,285366600,0.0,0.0
282,2024-07-10 00:00:00-04:00,133.99698191654937,135.0667256558596,132.38737791270125,134.87677001953125,248978600,0.0,0.0
283,2024-07-11 00:00:00-04:00,135.7165473660534,136.11644269274476,127.01869434277064,127.36860656738281,374782700,0.0,0.0
284,2024-07-12 00:00:00-04:00,128.22839089146464,131.88749271860638,127.18865386253758,129.20816040039062,252680500,0.0,0.0
285,2024-07-15 00:00:00-04:00,130.52782847793975,131.35762580228223,127.14866403247436,128.40835571289062,208326200,0.0,0.0
286,2024-07-16 00:00:00-04:00,128.40836211736584,129.0082051584145,124.54931239200171,126.32887268066406,214769500,0.0,0.0
287,2024-07-17 00:00:00-04:00,121.32009486519661,121.81997165296215,116.6912385563928,117.96092224121094,390086200,0.0,0.0
288,2024-07-18 00:00:00-04:00,121.81997263511246,122.36984015709355,116.53127526261207,121.0601577758789,320979500,0.0,0.0
289,2024-07-19 00:00:00-04:00,120.32034177331325,121.57003374775046,117.341080377663,117.90093994140625,217223800,0.0,0.0
290,2024-07-22 00:00:00-04:00,120.3203432330864,124.03942781453529,119.8304661088677,123.50955963134766,258068900,0.0,0.0
291,2024-07-23 00:00:00-04:00,122.74974719191928,124.65928025097237,122.06991443104106,122.5597915649414,173911000,0.0,0.0
292,2024-07-24 00:00:00-04:00,119.1406333610656,119.92043994002134,113.41204956795865,114.22184753417969,327776900,0.0,0.0
293,2024-07-25 00:00:00-04:00,113.01214947730902,116.60126129148769,106.27381225253961,112.25233459472656,460067000,0.0,0.0
294,2024-07-26 00:00:00-04:00,116.16137637359374,116.17136841805404,111.55251154245995,113.03214263916016,293399100,0.0,0.0
295,2024-07-29 00:00:00-04:00,113.66198865142056,116.25134680115113,111.27257816967544,111.5625,248152100,0.0,0.0
296,2024-07-30 00:00:00-04:00,111.49251876218644,111.96240417731258,102.51473565355279,103.7044448852539,486833300,0.0,0.0
297,2024-07-31 00:00:00-04:00,112.87217777091092,118.31083191790377,110.85267132044424,116.99115753173828,473174200,0.0,0.0
298,2024-08-01 00:00:00-04:00,117.50104810323892,120.13040514788088,106.78368749587625,109.18309783935547,523462300,0.0,0.0
299,2024-08-02 00:00:00-04:00,103.73443867463745,108.69321575888374,101.3450281116693,107.24356842041016,482027500,0.0,0.0
300,2024-08-05 00:00:00-04:00,92.0373150047539,103.38452459369911,90.66765743904186,100.42524719238281,552842400,0.0,0.0
301,2024-08-06 00:00:00-04:00,103.81440159583764,107.68345045446188,100.5252192354799,104.22430419921875,409012100,0.0,0.0
302,2024-08-07 00:00:00-04:00,107.78343659639361,108.77319818362058,98.6656883565928,98.88563537597656,411440400,0.0,0.0
303,2024-08-08 00:00:00-04:00,101.97486813365401,105.47400576569116,97.49596860854,104.94413757324219,391910000,0.0,0.0
304,2024-08-09 00:00:00-04:00,105.6139698534446,106.57373239559361,103.40451530940655,104.72418975830078,290844200,0.0,0.0
305,2024-08-12 00:00:00-04:00,106.29380189006847,111.04263146519123,106.23381911518737,108.99313354492188,325559900,0.0,0.0
306,2024-08-13 00:00:00-04:00,112.41229629244809,116.20136332032301,111.55250759337807,116.11138153076172,312646700,0.0,0.0
307,2024-08-14 00:00:00-04:00,118.5007970340635,118.57077948335262,114.04189674110647,118.05091094970703,339246400,0.0,0.0
308,2024-08-15 00:00:00-04:00,118.73073896282733,123.2096307926781,117.44105591122558,122.82972717285156,318086700,0.0,0.0
309,2024-08-16 00:00:00-04:00,121.90995980977215,124.96920346991081,121.15014491697093,124.54930877685547,302589900,0.0,0.0
310,2024-08-19 00:00:00-04:00,124.24936523467589,129.96795654296875,123.38957660426745,129.96795654296875,318333600,0.0,0.0
311,2024-08-20 00:00:00-04:00,128.36836140301475,129.8480077753235,125.85898525590325,127.2186508178711,300087400,0.0,0.0
312,2024-08-21 00:00:00-04:00,127.2886435744744,129.31815003716036,126.62881008429083,128.46835327148438,257883600,0.0,0.0
313,2024-08-22 00:00:00-04:00,129.98796192734278,130.71777775352615,123.06966150668887,123.70950317382812,376189100,0.0,0.0
314,2024-08-23 00:00:00-04:00,125.82898983127045,129.56807382051312,125.18914813175064,129.33811950683594,323230300,0.0,0.0
315,2024-08-26 00:00:00-04:00,129.53808260280766,131.22765338990934,124.33935925298674,126.42884063720703,331964700,0.0,0.0
316,2024-08-27 00:00:00-04:00,125.01920259136338,129.1681743229575,123.84948497148315,128.26840209960938,303134600,0.0,0.0
317,2024-08-28 00:00:00-04:00,128.0884319398247,128.29838691719942,122.60978624415954,125.57905578613281,448101100,0.0,0.0
318,2024-08-29 00:00:00-04:00,121.33010304223866,124.3993464291812,116.6812470646182,117.56102752685547,453023300,0.0,0.0
319,2024-08-30 00:00:00-04:00,119.50054804230363,121.72000228172388,117.19111963899515,119.34059143066406,333751600,0.0,0.0
320,2024-09-03 00:00:00-04:00,115.9814171340765,116.18136480283337,107.26356453201906,107.973388671875,477155100,0.0,0.0
321,2024-09-04 00:00:00-04:00,105.38403194779274,113.24208832420429,104.09434887245212,106.18383026123047,372470300,0.0,0.0
322,2024-09-05 00:00:00-04:00,104.96413183407385,109.6229874268856,104.73419276980215,107.18358612060547,306850700,0.0,0.0
323,2024-09-06 00:00:00-04:00,108.01337995723738,108.12335346353827,100.92512296050285,102.8046646118164,413638100,0.0,0.0
324,2024-09-09 00:00:00-04:00,104.85415910703641,106.52375348417674,103.66445746112835,106.44377136230469,273912000,0.0,0.0
325,2024-09-10 00:00:00-04:00,107.78343479415585,109.37304700834024,104.92413884500664,108.0733642578125,268283700,0.0,0.0
326,2024-09-11 00:00:00-04:00,109.36305099024224,117.16113249890854,107.39353508245641,116.8812026977539,441422400,0.0,0.0
327,2024-09-12 00:00:00-04:00,116.82120128077001,120.77057045474369,115.3614370539407,119.12083435058594,367100500,0.01,0.0
328,2024-09-13 00:00:00-04:00,119.06084000976254,119.94069565795841,117.58107480834963,119.0808334350586,238358300,0.0,0.0
329,2024-09-16 00:00:00-04:00,116.77120810734208,118.16098383065176,114.34159881620232,116.7612075805664,248772300,0.0,0.0
330,2024-09-17 00:00:00-04:00,118.15099033708098,118.7808938826076,114.81153124290536,115.57140350341797,231925900,0.0,0.0
331,2024-09-18 00:00:00-04:00,115.87135202544096,117.68105834506785,113.20178347448297,113.35176086425781,310318900,0.0,0.0
332,2024-09-19 00:00:00-04:00,117.3311154741421,119.64074895502783,117.2311330909559,117.85103607177734,293506400,0.0,0.0
333,2024-09-20 00:00:00-04:00,117.041165532472,118.6009197546388,115.37143602446805,115.98133850097656,382462400,0.0,0.0
334,2024-09-23 00:00:00-04:00,116.5312567610485,116.97118080282907,114.84152614526418,116.24130249023438,206228500,0.0,0.0
335,2024-09-24 00:00:00-04:00,116.5012492087513,121.78040609310197,115.36143323881014,120.85055541992188,354966800,0.0,0.0
336,2024-09-25 00:00:00-04:00,122.00036937142775,124.91990547833531,121.5904392877682,123.4901351928711,284692900,0.0,0.0
337,2024-09-26 00:00:00-04:00,126.77960826024157,127.64946344549999,121.78041247124415,124.02005004882812,302582900,0.0,0.0
338,2024-09-27 00:00:00-04:00,123.9500642912149,124.01005220096552,119.24082267160239,121.38047790527344,271009200,0.0,0.0
339,2024-09-30 00:00:00-04:00,118.29096227592748,121.48045146740193,118.13099198549791,121.42046356201172,226553700,0.0,0.0
340,2024-10-01 00:00:00-04:00,121.75040758040218,122.42030559533124,115.77137385100936,116.9811782836914,302094500,0.0,0.0
341,2024-10-02 00:00:00-04:00,116.42127087200362,119.360792730428,115.12147695024304,118.83087921142578,221845900,0.0,0.0
342,2024-10-03 00:00:00-04:00,120.90054847309592,124.33999759824167,120.32063993396463,122.83023834228516,277118000,0.0,0.0
343,2024-10-04 00:00:00-04:00,124.91990339813242,125.01988578554294,121.810403092212,124.89990234375,243678100,0.0,0.0
344,2024-10-07 00:00:00-04:00,124.96989107230341,130.61898369823507,124.92989659161151,127.69945526123047,346250200,0.0,0.0
345,2024-10-08 00:00:00-04:00,130.23904002332463,133.45852325335272,129.39917881279587,132.86862182617188,285722500,0.0,0.0
346,2024-10-09 00:00:00-04:00,134.08843403580283,134.4983717641675,131.3588773259068,132.628662109375,246191600,0.0,0.0
347,2024-10-10 00:00:00-04:00,131.88878735570256,134.97828670089152,130.97893005790212,134.78831481933594,242311300,0.0,0.0
348,2024-10-11 00:00:00-04:00,133.98843884138304,135.75815840657205,133.63850429309608,134.7783203125,170209500,0.0,0.0
349,2024-10-14 00:00:00-04:00,136.44805696221857,139.57755854294567,136.27808612883217,138.0478057861328,232347700,0.0,0.0
350,2024-10-15 00:00:00-04:00,137.84782283581688,138.547722466739,128.71930149862905,131.57884216308594,377831000,0.0,0.0
351,2024-10-16 00:00:00-04:00,133.9584403413635,136.5980149944232,131.55883256815804,135.6981658935547,264879700,0.0,0.0
352,2024-10-17 00:00:00-04:00,139.31759037510415,140.8673441853548,136.8479863322171,136.90797424316406,306435900,0.0,0.0
353,2024-10-18 00:00:00-04:00,138.64768884107772,138.87764756674068,137.25791307551907,137.97779846191406,176090200,0.0,0.0
354,2024-10-21 00:00:00-04:00,138.1077854115753,143.6868896484375,137.97780144123402,143.6868896484375,264554500,0.0,0.0
355,2024-10-22 00:00:00-04:00,142.88702644418225,144.39677817254247,141.7572032447214,143.56690979003906,226311600,0.0,0.0
356,2024-10-23 00:00:00-04:00,142.00715584596583,142.4070854107316,137.43789878035992,139.5375518798828,285930000,0.0,0.0
357,2024-10-24 00:00:00-04:00,140.79735837298583,141.3272719093067,138.4377373361036,140.38742065429688,172354900,0.0,0.0
358,2024-10-25 00:00:00-04:00,140.90732467853542,144.1068221770471,140.77735596279692,141.51722717285156,205122100,0.0,0.0
359,2024-10-28 00:00:00-04:00,142.976987375231,143.11696423513524,140.02746516246322,140.4973907470703,173586700,0.0,0.0
360,2024-10-29 00:00:00-04:00,140.26742736816374,142.23711171034327,138.87765156261756,141.22727966308594,157593600,0.0,0.0
361,2024-10-30 00:00:00-04:00,139.51754595215704,140.30742741103543,136.78798938993828,139.3175811767578,179418100,0.0,0.0
362,2024-10-31 00:00:00-04:00,137.57788081150406,137.5878737112806,132.08875807974474,132.7386474609375,270039600,0.0,0.0
363,2024-11-01 00:00:00-04:00,134.67833522595924,137.2879161101812,134.5483665061615,135.3782196044922,207127800,0.0,0.0
364,2024-11-04 00:00:00-05:00,137.18793904541485,138.9376575905799,135.54820341905642,136.0281219482422,187528200,0.0,0.0
365,2024-11-05 00:00:00-05:00,137.4278859649573,140.3474144064953,137.30791015086248,139.8874969482422,160537400,0.0,0.0
366,2024-11-06 00:00:00-05:00,142.93699575896497,146.46642634688735,141.93715671974996,145.58656311035156,242043900,0.0,0.0
367,2024-11-07 00:00:00-05:00,146.3664587614797,148.9060435973239,146.14649291865044,148.85606384277344,207323300,0.0,0.0
368,2024-11-08 00:00:00-05:00,148.7460628790407,149.74590195013883,146.236457046531,147.6062469482422,175665800,0.0,0.0
369,2024-11-11 00:00:00-05:00,148.65608145399648,148.82606753959354,143.54691790764704,145.23663330078125,182325600,0.0,0.0
370,2024-11-12 00:00:00-05:00,146.7563770410738,149.62591028148023,145.98649668767203,148.26612854003906,198634700,0.0,0.0
371,2024-11-13 00:00:00-05:00,149.04601231096433,149.30596496785506,145.87650914358065,146.2464599609375,191903300,0.0,0.0
372,2024-11-14 00:00:00-05:00,147.6162371498861,148.97601887199116,145.52657719098687,146.7363739013672,194463300,0.0,0.0
373,2024-11-15 00:00:00-05:00,144.8466877533126,145.2166386002855,140.05746510375218,141.9571533203125,250132900,0.0,0.0
374,2024-11-18 00:00:00-05:00,139.47755210471132,141.52722527651324,137.1279241566863,140.12744140625,221866000,0.0,0.0
375,2024-11-19 00:00:00-05:00,141.2972716123141,147.10633445236968,140.96732287230222,146.98634338378906,227834900,0.0,0.0
376,2024-11-20 00:00:00-05:00,147.38629113505743,147.53626090336707,142.70703603144835,145.8665313720703,309871700,0.0,0.0
377,2024-11-21 00:00:00-05:00,149.32598496889756,152.8654088901037,140.67736706254192,146.6464080810547,400946600,0.0,0.0
378,2024-11-22 00:00:00-05:00,145.90650981286518,147.13632286743956,141.07730047570033,141.92715454101562,236406200,0.0,0.0
379,2024-11-25 00:00:00-05:00,141.9671640146257,142.02715192160386,135.79815839357323,135.9981231689453,344941900,0.0,0.0
380,2024-11-26 00:00:00-05:00,137.6778530821544,139.277601884859,135.64818075181995,136.89797973632812,190287700,0.0,0.0
381,2024-11-27 00:00:00-05:00,134.98827330747284,137.19792446250455,131.77879829463743,135.31822204589844,226370900,0.0,0.0
382,2024-11-29 00:00:00-05:00,136.75800311530705,139.32759715528792,136.02812477876728,138.22776794433594,141863200,0.0,0.0
383,2024-12-02 00:00:00-05:00,138.8076612979231,140.42739572538855,137.7978293194704,138.60769653320312,171682800,0.0,0.0
384,2024-12-03 00:00:00-05:00,138.23776359782383,140.51739577472358,137.92781588392697,140.23744201660156,164414000,0.0,0.0
385,2024-12-04 00:00:00-05:00,141.97715912549498,145.76654278655016,140.26742746830917,145.1166534423828,231224300,0.0,0.0
386,2024-12-05 00:00:00-05:00,145.0966598316491,146.52652104015894,143.93676281520223,145.04666137695312,172621200,0.01,0.0
387,2024-12-06 00:00:00-05:00,144.58670004061705,145.68658966441174,141.29699424160657,142.42689514160156,188505600,0.0,0.0
388,2024-12-09 00:00:00-05:00,138.9572148926683,139.93712045292858,137.1173878488451,138.79722595214844,189308600,0.0,0.0
389,2024-12-10 00:00:00-05:00,138.99721154250668,141.80696595909077,133.77769033829185,135.05758666992188,210020900,0.0,0.0
390,2024-12-11 00:00:00-05:00,137.3473626393387,140.15710166074888,135.19756655561218,139.29718017578125,184905200,0.0,0.0
391,2024-12-12 00:00:00-05:00,137.0673914713081,138.42726697152892,135.7875104425574,137.32736206054688,159211400,0.0,0.0
392,2024-12-13 00:00:00-05:00,138.92722683278515,139.58716980719961,132.52780616182653,134.23765563964844,231514900,0.0,0.0
393,2024-12-16 00:00:00-05:00,134.16764608739564,134.38762706465963,130.40799755691268,131.98785400390625,237951100,0.0,0.0
394,2024-12-17 00:00:00-05:00,129.07812250532473,131.57789255271604,126.84833189511964,130.3780059814453,259410300,0.0,0.0
395,2024-12-18 00:00:00-05:00,133.84768927135005,136.68742440979707,128.2682006428492,128.8981475830078,277444500,0.0,0.0
396,2024-12-19 00:00:00-05:00,131.7478712095932,134.01766661792476,129.5380830968377,130.66796875,209719200,0.0,0.0
397,2024-12-20 00:00:00-05:00,129.7980572196654,135.26755529215387,128.20820713472543,134.68760681152344,306528600,0.0,0.0
398,2024-12-23 00:00:00-05:00,136.2674627166313,139.77713434768583,135.1075657604122,139.6571502685547,176053500,0.0,0.0
399,2024-12-24 00:00:00-05:00,139.98712655305678,141.88694573903672,138.6372445869122,140.2071075439453,105157000,0.0,0.0
400,2024-12-26 00:00:00-05:00,139.68715493157526,140.8370583714796,137.7173348045662,139.91712951660156,116205600,0.0,0.0
401,2024-12-27 00:00:00-05:00,138.53725762424156,139.00721560881072,134.69761453351015,136.9973907470703,170582600,0.0,0.0
402,2024-12-30 00:00:00-05:00,134.81759702407376,140.2570989672278,134.00767398793965,137.47735595703125,167734700,0.0,0.0
403,2024-12-31 00:00:00-05:00,138.0173106258272,138.05731549303724,133.8176997545706,134.27764892578125,155659200,0.0,0.0
404,2025-01-02 00:00:00-05:00,135.98748671158143,138.8672266066605,134.61761764692358,138.29727172851562,198247200,0.0,0.0
405,2025-01-03 00:00:00-05:00,139.99711439640743,144.88666393436952,139.71714137538024,144.4567108154297,229322500,0.0,0.0
406,2025-01-06 00:00:00-05:00,148.57632545203526,152.14600432101588,147.80640728049391,149.41624450683594,265377400,0.0,0.0
407,2025-01-07 00:00:00-05:00,153.0159191493047,153.1159160516902,139.99711279126652,140.12710571289062,351782200,0.0,0.0
408,2025-01-08 00:00:00-05:00,142.5668963792699,143.9367655713296,137.5473535279277,140.0971221923828,227349900,0.0,0.0
409,2025-01-10 00:00:00-05:00,137.43735839735214,139.90713250101766,134.20765966847648,135.8975067138672,207602500,0.0,0.0
410,2025-01-13 00:00:00-05:00,129.97805065881337,133.47772877314173,129.49808381781634,133.21774291992188,204808900,0.0,0.0
411,2025-01-14 00:00:00-05:00,136.0374931021696,136.3674645891877,130.03804480886453,131.7478790283203,195590500,0.0,0.0
412,2025-01-15 00:00:00-05:00,133.63770458598145,136.43745017340345,131.277920981104,136.22747802734375,185217300,0.0,0.0
413,2025-01-16 00:00:00-05:00,138.6272498193542,138.73724031386243,133.47772952507327,133.55772399902344,209235600,0.0,0.0
414,2025-01-17 00:00:00-05:00,136.67743145335606,138.48726255165812,135.44754884500142,137.6973419189453,201188800,0.0,0.0
415,2025-01-21 00:00:00-05:00,139.14720257048143,141.8169551308445,137.07738566270945,140.81704711914062,197749000,0.0,0.0
416,2025-01-22 00:00:00-05:00,144.64670591256592,147.77640781491758,143.65679142482674,147.05648803710938,237651400,0.0,0.0
417,2025-01-23 00:00:00-05:00,145.03666800279981,147.2164602628041,143.706788444335,147.2064666748047,155915500,0.0,0.0
418,2025-01-24 00:00:00-05:00,148.35634349735062,148.95629439391405,141.86695041120194,142.60687255859375,234657600,0.0,0.0
419,2025-01-27 00:00:00-05:00,124.78852130861458,128.3881809500624,116.68926041493282,118.40910339355469,818830900,0.0,0.0
420,2025-01-28 00:00:00-05:00,121.79880142784785,128.9881430022562,116.23931491482392,128.9781494140625,579666400,0.0,0.0
421,2025-01-29 00:00:00-05:00,126.48836708502724,126.87833061040895,120.03896327722832,123.6886215209961,467120600,0.0,0.0
422,2025-01-30 00:00:00-05:00,123.08867408422283,124.9885008224628,118.08913405132431,124.63853454589844,392925500,0.0,0.0
423,2025-01-31 00:00:00-05:00,123.76861793270326,127.83824341487099,119.1790436181177,120.0589599609375,390372900,0.0,0.0
424,2025-02-03 00:00:00-05:00,114.7394486968032,118.55909714130068,112.99961082645434,116.64927673339844,371235700,0.0,0.0
425,2025-02-04 00:00:00-05:00,116.94924444838958,121.1888524384042,116.68926621972048,118.63909149169922,256550000,0.0,0.0
426,2025-02-05 00:00:00-05:00,121.74880228526035,124.98850212428793,120.74889426826606,124.81851959228516,262230800,0.0,0.0
427,2025-02-06 00:00:00-05:00,127.40827329026631,128.7581551695,125.19847756454047,128.66815185546875,251483600,0.0,0.0
428,2025-02-07 00:00:00-05:00,129.20811063964976,130.35799871586244,124.9884977355082,129.8280487060547,228186300,0.0,0.0
429,2025-02-10 00:00:00-05:00,130.0780330404282,134.98758517024453,129.94805537047182,133.55772399902344,216989100,0.0,0.0
430,2025-02-11 00:00:00-05:00,132.56781502240796,134.4676342706669,131.0079608594355,132.7877960205078,178902400,0.0,0.0
431,2025-02-12 00:00:00-05:00,130.00805277951918,132.22784993678553,129.0681367435288,131.12794494628906,160278600,0.0,0.0
432,2025-02-13 00:00:00-05:00,131.54790450828392,136.487452862588,131.15794096754342,135.27755737304688,197430000,0.0,0.0
433,2025-02-14 00:00:00-05:00,136.46744211776974,139.23719160158925,135.4875365315285,138.8372344970703,195479600,0.0,0.0
434,2025-02-18 00:00:00-05:00,141.25701494818574,143.4268135927519,137.91731045487123,139.38717651367188,219176600,0.0,0.0
435,2025-02-19 00:00:00-05:00,139.49716663707372,141.34700263351252,137.2073839146051,139.21719360351562,167536000,0.0,0.0
436,2025-02-20 00:00:00-05:00,140.01712771481476,140.6470746897965,136.7774200315485,140.0971221923828,143903600,0.0,0.0
437,2025-02-21 00:00:00-05:00,140.02711787829398,141.4470007486669,134.01767593596887,134.41763305664062,228217600,0.0,0.0
438,2025-02-24 00:00:00-05:00,136.5474420161462,138.57725415414035,130.06804206967678,130.2680206298828,251381100,0.0,0.0
439,2025-02-25 00:00:00-05:00,129.96804527013506,130.18802626376245,124.42856133510212,126.61835479736328,271428700,0.0,0.0
440,2025-02-26 00:00:00-05:00,129.97805439122038,133.71770077604796,128.478192299153,131.26792907714844,322553800,0.0,0.0
441,2025-02-27 00:00:00-05:00,134.9875872324259,134.99758082030266,119.99896764539281,120.13895416259766,443175800,0.0,0.0
442,2025-02-28 00:00:00-05:00,118.00914142194866,125.07849083366686,116.38929530836823,124.90850830078125,389091100,0.0,0.0
443,2025-03-03 00:00:00-05:00,123.49864257535764,123.68861991301428,112.26967207329028,114.04950714111328,411381400,0.0,0.0
444,2025-03-04 00:00:00-05:00,110.63982667322061,119.29902637351395,110.09987541363249,115.97933197021484,398163300,0.0,0.0
445,2025-03-05 00:00:00-05:00,117.56918811598004,118.26912068620358,114.49947076595478,117.28921508789062,284337900,0.0,0.0
446,2025-03-06 00:00:00-05:00,113.51955654224739,115.3393888375433,110.209863429875,110.55982971191406,321181900,0.0,0.0
447,2025-03-07 00:00:00-05:00,111.2397716760376,113.46957000648335,107.5501084934214,112.67964172363281,341755500,0.0,0.0
448,2025-03-10 00:00:00-04:00,109.88989097369002,111.83970852661247,105.45029700249104,106.97016143798828,366487400,0.0,0.0
449,2025-03-11 00:00:00-04:00,106.98015850635034,112.22967568900775,104.76036144852146,108.75,354865700,0.0,0.0
450,2025-03-12 00:00:00-04:00,114.12000274658203,116.76000213623047,112.87999725341797,115.73999786376953,323857500,0.01,0.0
451,2025-03-13 00:00:00-04:00,117.02999877929688,117.76000213623047,113.79000091552734,115.58000183105469,299033100,0.0,0.0
452,2025-03-14 00:00:00-04:00,118.61000061035156,121.87999725341797,118.1500015258789,121.66999816894531,277593500,0.0,0.0
453,2025-03-17 00:00:00-04:00,122.73999786376953,122.88999938964844,118.02999877929688,119.52999877929688,255501500,0.0,0.0
454,2025-03-18 00:00:00-04:00,118.0,119.0199966430664,114.54000091552734,115.43000030517578,299686900,0.0,0.0
455,2025-03-19 00:00:00-04:00,117.2699966430664,120.44999694824219,115.68000030517578,117.5199966430664,273426200,0.0,0.0
456,2025-03-20 00:00:00-04:00,116.55000305175781,120.19999694824219,116.47000122070312,118.52999877929688,248829700,0.0,0.0
457,2025-03-21 00:00:00-04:00,116.94000244140625,117.98999786376953,115.41999816894531,117.69999694824219,266498500,0.0,0.0
458,2025-03-24 00:00:00-04:00,119.87999725341797,122.22000122070312,119.33999633789062,121.41000366210938,228452500,0.0,0.0
459,2025-03-25 00:00:00-04:00,120.55000305175781,121.29000091552734,118.91999816894531,120.69000244140625,167447200,0.0,0.0
460,2025-03-26 00:00:00-04:00,118.7300033569336,118.83999633789062,112.70999908447266,113.76000213623047,293463300,0.0,0.0
461,2025-03-27 00:00:00-04:00,111.3499984741211,114.44999694824219,110.66000366210938,111.43000030517578,236902100,0.0,0.0
462,2025-03-28 00:00:00-04:00,111.48999786376953,112.87000274658203,109.06999969482422,109.66999816894531,229872500,0.0,0.0
463,2025-03-31 00:00:00-04:00,105.12999725341797,110.95999908447266,103.6500015258789,108.37999725341797,299212700,0.0,0.0
464,2025-04-01 00:00:00-04:00,108.5199966430664,110.19999694824219,106.47000122070312,110.1500015258789,222614000,0.0,0.0
465,2025-04-02 00:00:00-04:00,107.29000091552734,111.9800033569336,106.79000091552734,110.41999816894531,220601200,0.0,0.0
466,2025-04-03 00:00:00-04:00,103.51000213623047,105.62999725341797,101.5999984741211,101.80000305175781,338769400,0.0,0.0
467,2025-04-04 00:00:00-04:00,98.91000366210938,100.12999725341797,92.11000061035156,94.30999755859375,532273800,0.0,0.0
468,2025-04-07 00:00:00-04:00,87.45999908447266,101.75,86.62000274658203,97.63999938964844,611041300,0.0,0.0
469,2025-04-08 00:00:00-04:00,103.80999755859375,105.8499984741211,94.45999908447266,96.30000305175781,476243400,0.0,0.0
470,2025-04-09 00:00:00-04:00,98.88999938964844,115.0999984741211,97.52999877929688,114.33000183105469,612918300,0.0,0.0
471,2025-04-10 00:00:00-04:00,109.37000274658203,110.86000061035156,99.1500015258789,107.56999969482422,437812400,0.0,0.0
472,2025-04-11 00:00:00-04:00,108.5,111.55000305175781,107.4800033569336,110.93000030517578,313417300,0.0,0.0
473,2025-04-14 00:00:00-04:00,114.11000061035156,114.29000091552734,109.06999969482422,110.70999908447266,264705000,0.0,0.0
474,2025-04-15 00:00:00-04:00,110.97000122070312,113.62000274658203,110.5,112.19999694824219,228966900,0.0,0.0
475,2025-04-16 00:00:00-04:00,104.55000305175781,106.79000091552734,100.44999694824219,104.48999786376953,397016900,0.0,0.0
476,2025-04-17 00:00:00-04:00,104.44999694824219,104.47000122070312,100.05000305175781,101.48999786376953,290833400,0.0,0.0
477,2025-04-21 00:00:00-04:00,98.7699966430664,99.44000244140625,95.04000091552734,96.91000366210938,288501100,0.0,0.0
478,2025-04-22 00:00:00-04:00,98.77999877929688,99.80999755859375,97.27999877929688,98.88999938964844,241004800,0.0,0.0
479,2025-04-23 00:00:00-04:00,104.5199966430664,104.80000305175781,102.0199966430664,102.70999908447266,247526000,0.0,0.0
480,2025-04-24 00:00:00-04:00,103.4800033569336,106.54000091552734,103.11000061035156,106.43000030517578,220815000,0.0,0.0
481,2025-04-25 00:00:00-04:00,106.8499984741211,111.91999816894531,105.7300033569336,111.01000213623047,251064700,0.0,0.0
482,2025-04-28 00:00:00-04:00,109.69000244140625,110.37000274658203,106.0199966430664,108.7300033569336,207708500,0.0,0.0
483,2025-04-29 00:00:00-04:00,107.66999816894531,110.19999694824219,107.44000244140625,109.0199966430664,170444300,0.0,0.0
484,2025-04-30 00:00:00-04:00,104.47000122070312,108.91999816894531,104.08000183105469,108.91999816894531,235044600,0.0,0.0
485,2025-05-01 00:00:00-04:00,113.08000183105469,114.94000244140625,111.30000305175781,111.61000061035156,236121500,0.0,0.0
486,2025-05-02 00:00:00-04:00,114.18000030517578,115.4000015258789,113.37000274658203,114.5,190194800,0.0,0.0
487,2025-05-05 00:00:00-04:00,112.91000366210938,114.66999816894531,112.66000366210938,113.81999969482422,133163200,0.0,0.0
488,2025-05-06 00:00:00-04:00,111.4800033569336,114.73999786376953,110.81999969482422,113.54000091552734,158525600,0.0,0.0
489,2025-05-07 00:00:00-04:00,113.05000305175781,117.68000030517578,112.27999877929688,117.05999755859375,206758800,0.0,0.0
490,2025-05-08 00:00:00-04:00,118.25,118.68000030517578,115.8499984741211,117.37000274658203,198428100,0.0,0.0
491,2025-05-09 00:00:00-04:00,117.3499984741211,118.2300033569336,115.20999908447266,116.6500015258789,132972200,0.0,0.0
492,2025-05-12 00:00:00-04:00,121.97000122070312,123.0,120.27999877929688,123.0,225023300,0.0,0.0
493,2025-05-13 00:00:00-04:00,124.9800033569336,131.22000122070312,124.47000122070312,129.92999267578125,330430100,0.0,0.0
494,2025-05-14 00:00:00-04:00,133.1999969482422,135.44000244140625,131.67999267578125,135.33999633789062,281180800,0.0,0.0
495,2025-05-15 00:00:00-04:00,134.2899932861328,136.3000030517578,132.66000366210938,134.8300018310547,226632600,0.0,0.0
496,2025-05-16 00:00:00-04:00,136.22000122070312,136.35000610351562,133.4600067138672,135.39999389648438,226542500,0.0,0.0
497,2025-05-19 00:00:00-04:00,132.38999938964844,135.8699951171875,132.38999938964844,135.57000732421875,193154600,0.0,0.0
498,2025-05-20 00:00:00-04:00,134.2899932861328,134.5800018310547,132.6199951171875,134.3800048828125,161514200,0.0,0.0
499,2025-05-21 00:00:00-04:00,133.05999755859375,137.39999389648438,130.58999633789062,131.8000030517578,270608700,0.0,0.0
500,2025-05-22 00:00:00-04:00,132.22999572753906,134.25,131.5500030517578,132.8300018310547,187344000,0.0,0.0
501,2025-05-23 00:00:00-04:00,130.0,132.67999267578125,129.16000366210938,131.2899932861328,198367700,0.0,0.0
